{"Training IoU": 35.92533731460571, "Training Accuracy": 100.0, "_timestamp": 1705093586.030971, "_runtime": 1008.0213470458984, "_step": 23, "Current Testing IoU": 36.77825003862381, "Overall Best Testing Iou": 42.3140749335289, "Current Testing Accuracy": 36.25, "Best Testing Accuracy": 36.25, "Best Testing IoU BOT": 36.77825003862381, "Best Testing Accuracy BOT": 36.25, "Elapsed Time": 112.06540393829346, "_wandb": {"runtime": 1007}}