{"Current Training Epoch": 0, "Training IoU": 0.04692427069424588, "Training Accuracy": 100.0, "_timestamp": 1705446669.8036106, "_runtime": 114.81176567077637, "_step": 2, "Testing Epoch": 0, "Current Testing IoU": 4.5815906949374374e-12, "Overall Best Testing Iou": 4.5815906949374374e-12, "Current Testing Accuracy": 36.25, "Best Testing Accuracy": 36.25, "Best Testing IoU BOT": 4.5815906949374374e-12, "Best Testing Accuracy BOT": 36.25, "Elapsed Time": 99.89208245277405, "_wandb": {"runtime": 142}}