{"Training IoU": 40.49821564555168, "Training Accuracy": 100.0, "_timestamp": 1705095408.3378918, "_runtime": 1444.9078378677368, "_step": 29, "Current Testing IoU": 40.484350740909576, "Overall Best Testing Iou": 43.18372851610184, "Current Testing Accuracy": 36.25, "Best Testing Accuracy": 36.25, "Best Testing IoU BOT": 40.484350740909576, "Best Testing Accuracy BOT": 36.25, "Elapsed Time": 122.50508284568787, "_wandb": {"runtime": 1444}}