{"Training IoU": 4.784367672004686e-12, "Training Accuracy": 100.0, "_timestamp": 1705091817.917347, "_runtime": 508.8777320384979, "_step": 11, "Current Testing IoU": 4.5815906949374374e-12, "Overall Best Testing Iou": 4.5815906949374374e-12, "Current Accuracy": 36.25, "Best Accuracy": 36.25, "Best Testing IoU BOT": 4.5815906949374374e-12, "Best Testing Accuracy BOT": 36.25, "Elapsed Time": 125.01144337654114, "_wandb": {"runtime": 508}}