{"Current Training Epoch": 2, "Training IoU": 4.7960458643262795e-12, "Training Accuracy": 100.0, "_timestamp": 1705365623.8795714, "_runtime": 793.4225385189056, "_step": 6, "Testing Epoch": 1, "Current Testing IoU": 4.5815906949374374e-12, "Overall Best Testing Iou": 4.5815906949374374e-12, "Current Testing Accuracy": 36.25, "Best Testing Accuracy": 36.25, "Best Testing IoU BOT": 4.5815906949374374e-12, "Best Testing Accuracy BOT": 36.25, "Elapsed Time": 271.37922406196594, "_wandb": {"runtime": 820}}