{"Current Epoch": 2, "Training IoU": 4.7758701731033266e-12, "Training Accuracy": 100.0, "_timestamp": 1705110624.2310832, "_runtime": 321.49126720428467, "_step": 8, "Current Testing IoU": 4.5815906949374374e-12, "Overall Best Testing Iou": 4.5815906949374374e-12, "Current Testing Accuracy": 36.25, "Best Testing Accuracy": 36.25, "Best Testing IoU BOT": 4.5815906949374374e-12, "Best Testing Accuracy BOT": 36.25, "Elapsed Time": 104.10279893875122, "_wandb": {"runtime": 336}}