{"Current Training Epoch": 4, "Training IoU": 2.6935294700252426, "Training Accuracy": 100.0, "_timestamp": 1705456417.8615475, "Testing Epoch": 4, "Current Testing IoU": 4.405192218022421, "Overall Best Testing Iou": 4.405192218022421, "Current Testing Accuracy": 36.25, "Best Testing Accuracy": 36.25, "Best Testing IoU BOT": 0.49189586157656096, "Best Testing Accuracy BOT": 36.25, "Elapsed Time": 69.02742338180542, "_runtime": 364.2084765434265, "_step": 4, "_wandb": {"runtime": 364}}