{"Current Training Epoch": 2, "Training IoU": 4.7435649632994285e-12, "Training Accuracy": 100.0, "_timestamp": 1705447156.3135622, "Testing Epoch": 2, "Current Testing IoU": 4.5815906949374374e-12, "Overall Best Testing Iou": 4.5815906949374374e-12, "Current Testing Accuracy": 36.25, "Best Testing Accuracy": 36.25, "Best Testing IoU BOT": 4.5815906949374374e-12, "Best Testing Accuracy BOT": 36.25, "Elapsed Time": 97.63363027572632, "_runtime": 309.1417992115021, "_step": 2, "_wandb": {"runtime": 331}}