{"Current Training Epoch": 1, "Training IoU": 4.7757698064753405e-12, "Training Accuracy": 100.0, "_timestamp": 1705111261.2128522, "_runtime": 219.3546543121338, "_step": 5, "Testing Epoch": 1, "Current Testing IoU": 4.5815906949374374e-12, "Overall Best Testing Iou": 4.5815906949374374e-12, "Current Testing Accuracy": 36.25, "Best Testing Accuracy": 36.25, "Best Testing IoU BOT": 4.5815906949374374e-12, "Best Testing Accuracy BOT": 36.25, "Elapsed Time": 103.92381644248962, "_wandb": {"runtime": 255}}