{"Training IoU": 0.020666154106223265, "Training Accuracy": 100.0, "_timestamp": 1705091231.4631662, "_runtime": 114.60533213615417, "_step": 2, "Current Testing IoU": 4.5815906949374374e-12, "Overall Best Testing Iou": 4.5815906949374374e-12, "Current Accuracy": 36.25, "Best Accuracy": 36.25, "Best Testing IoU BOT": 4.5815906949374374e-12, "Best Testing Accuracy BOT": 36.25, "Elapsed Time": 105.12935709953308, "_wandb": {"runtime": 114}}