{"Training IoU": 4.7757698064753405e-12, "Training Accuracy": 100.0, "_timestamp": 1705090651.342489, "_runtime": 222.85261988639832, "_step": 5, "Current Testing IoU": 4.5815906949374374e-12, "Overall Best Testing Iou": 4.5815906949374374e-12, "Current Accuracy": 36.25, "Best Accuracy": 36.25, "Best Testing IoU BOT": 4.5815906949374374e-12, "Best Testing Accuracy BOT": 36.25, "Elapsed Time": 106.104975938797, "_wandb": {"runtime": 222}}