{"Training IoU": 0.020666154106223265, "Training Accuracy": 100.0, "_timestamp": 1705096274.047905, "_runtime": 99.57653307914734, "_step": 0, "_wandb": {"runtime": 102}}