{"Current Training Epoch": 0, "Training IoU": 0.006115223751486818, "Training Accuracy": 100.0, "_timestamp": 1705366365.9336414, "_runtime": 277.5158634185791, "_step": 2, "Testing Epoch": 0, "Current Testing IoU": 4.5815906949374374e-12, "Overall Best Testing Iou": 4.5815906949374374e-12, "Current Testing Accuracy": 36.25, "Best Testing Accuracy": 36.25, "Best Testing IoU BOT": 4.5815906949374374e-12, "Best Testing Accuracy BOT": 36.25, "Elapsed Time": 268.3607783317566, "_wandb": {"runtime": 483}}