{"Training IoU": 4.7757698064753405e-12, "Training Accuracy": 100.0, "_timestamp": 1705096697.6454947, "_runtime": 221.32531476020813, "_step": 5, "Current Testing IoU": 4.5815906949374374e-12, "Overall Best Testing Iou": 4.5815906949374374e-12, "Current Testing Accuracy": 36.25, "Best Testing Accuracy": 36.25, "Best Testing IoU BOT": 4.5815906949374374e-12, "Best Testing Accuracy BOT": 36.25, "Elapsed Time": 105.2186758518219, "_wandb": {"runtime": 221}}